package	num	num_dang	perm_normal	perm_dang
ru.yandex.yandexnavi	48	11	android.permission.REORDER_TASKS,com.google.android.c2dm.permission.RECEIVE,android.permission.MODIFY_AUDIO_SETTINGS,android.permission.INTERNET,android.permission.FOREGROUND_SERVICE,com.sec.android.launcher.permission.BIND_WIDGET,android.permission.WAKE_LOCK,android.permission.VIBRATE,com.google.android.finsky.permission.BIND_GET_INSTALL_REFERRER_SERVICE,android.permission.ACCESS_NETWORK_STATE,android.permission.INTERACT_ACROSS_USERS_FULL,android.permission.BLUETOOTH,androidx.car.app.NAVIGATION_TEMPLATES,android.permission.AUTHENTICATE_ACCOUNTS,com.google.android.gms.permission.CAR_VENDOR_EXTENSION,yandex.auto.permission.INTERACT_WITH_UPDATER,android.permission.USE_CREDENTIALS,android.permission.ACTIVITY_RECOGNITION,com.google.android.gms.permission.AD_ID,com.yandex.permission.AM_COMMUNICATION,yandex.auto.permission.ACCESS_FM_RADIO,com.google.android.gms.permission.ACTIVITY_RECOGNITION,android.permission.RECEIVE_BOOT_COMPLETED,android.permission.MANAGE_ACCOUNTS,android.permission.CHANGE_WIFI_STATE,com.android.alarm.permission.SET_ALARM,com.android.vending.BILLING,com.yandex.permission.READ_CREDENTIALS,yandex.auto.alice.PROVIDE_DEVICE_STATE,androidx.car.app.ACCESS_SURFACE,yandex.auto.hmi.permission.TOGGLE_NOTIFICATIONS,android.permission.WRITE_SETTINGS,com.android.launcher.permission.INSTALL_SHORTCUT,ru.yandex.yandexmaps.permission.READ_TRANSFER,yandex.auto.hmi.permission.TOGGLE_HMI,android.permission.ACCESS_WIFI_STATE,android.permission.ACCESS_BACKGROUND_LOCATION	android.permission.WRITE_CALENDAR,android.permission.WRITE_EXTERNAL_STORAGE,android.permission.CALL_PHONE,android.permission.ACCESS_FINE_LOCATION,android.permission.GET_ACCOUNTS,android.permission.READ_CALENDAR,android.permission.READ_EXTERNAL_STORAGE,android.permission.READ_PHONE_STATE,android.permission.RECORD_AUDIO,android.permission.ACCESS_COARSE_LOCATION,android.permission.CAMERA
ru.dublgis.dgismobile	26	6	android.permission.READ_SYNC_SETTINGS,android.permission.QUERY_ALL_PACKAGES,com.huawei.appmarket.service.commondata.permission.GET_COMMON_DATA,com.google.android.c2dm.permission.RECEIVE,ru.dublgis.dgismobile.permission.PUSH_PROVIDER,android.permission.CHANGE_WIFI_STATE,androidx.car.app.NAVIGATION_TEMPLATES,androidx.car.app.ACCESS_SURFACE,android.permission.ACCESS_NETWORK_STATE,ru.dublgis.dgismobile.permission.PROCESS_PUSH_MSG,android.permission.WAKE_LOCK,android.permission.ACCESS_BACKGROUND_LOCATION,android.permission.FOREGROUND_SERVICE,android.permission.VIBRATE,ru.dublgis.dgismobile.permission.C2D_MESSAGE,android.permission.ACCESS_WIFI_STATE,android.permission.RECEIVE_BOOT_COMPLETED,com.google.android.finsky.permission.BIND_GET_INSTALL_REFERRER_SERVICE,android.permission.INTERNET,com.google.android.gms.permission.AD_ID	android.permission.READ_EXTERNAL_STORAGE,android.permission.ACCESS_FINE_LOCATION,android.permission.ACCESS_COARSE_LOCATION,android.permission.RECORD_AUDIO,android.permission.READ_CONTACTS,android.permission.WRITE_EXTERNAL_STORAGE
ru.yandex.yandexmaps	42	10	android.permission.ACCESS_NETWORK_STATE,android.permission.BLUETOOTH,com.android.vending.BILLING,ru.yandex.yandexmaps.permission.READ_TRANSFER,android.permission.FOREGROUND_SERVICE,com.yandex.permission.READ_CREDENTIALS,com.google.android.c2dm.permission.RECEIVE,android.permission.MANAGE_ACCOUNTS,androidx.car.app.ACCESS_SURFACE,android.permission.ACCESS_WIFI_STATE,android.permission.USE_CREDENTIALS,android.permission.ACTIVITY_RECOGNITION,androidx.car.app.NAVIGATION_TEMPLATES,com.google.android.gms.permission.CAR_VENDOR_EXTENSION,android.permission.RECEIVE_BOOT_COMPLETED,android.permission.CHANGE_WIFI_STATE,android.permission.REQUEST_INSTALL_PACKAGES,android.permission.WAKE_LOCK,android.permission.INTERNET,android.permission.AUTHENTICATE_ACCOUNTS,com.google.android.gms.permission.AD_ID,com.google.android.finsky.permission.BIND_GET_INSTALL_REFERRER_SERVICE,com.huawei.appmarket.service.commondata.permission.GET_COMMON_DATA,android.permission.ACCESS_BACKGROUND_LOCATION,android.permission.WRITE_SETTINGS,com.yandex.permission.AM_COMMUNICATION,android.permission.VIBRATE,android.permission.BLUETOOTH_ADMIN,com.google.android.gms.permission.ACTIVITY_RECOGNITION,ru.yandex.yandexmaps.permission.PROCESS_PUSH_MSG,ru.yandex.yandexmaps.permission.PUSH_PROVIDER,android.permission.REORDER_TASKS	android.permission.READ_EXTERNAL_STORAGE,android.permission.RECORD_AUDIO,android.permission.GET_ACCOUNTS,android.permission.READ_PHONE_STATE,android.permission.WRITE_CALENDAR,android.permission.ACCESS_COARSE_LOCATION,android.permission.WRITE_EXTERNAL_STORAGE,android.permission.READ_CALENDAR,android.permission.CAMERA,android.permission.ACCESS_FINE_LOCATION
ru.rzd.pass	35	8	com.sec.android.provider.badge.permission.WRITE,com.google.android.finsky.permission.BIND_GET_INSTALL_REFERRER_SERVICE,com.huawei.android.launcher.permission.READ_SETTINGS,com.majeur.launcher.permission.UPDATE_BADGE,android.permission.ACCESS_WIFI_STATE,android.permission.VIBRATE,com.android.alarm.permission.SET_ALARM,com.huawei.android.launcher.permission.CHANGE_BADGE,me.everything.badger.permission.BADGE_COUNT_READ,com.google.android.c2dm.permission.RECEIVE,com.sonyericsson.home.permission.BROADCAST_BADGE,android.permission.FOREGROUND_SERVICE,android.permission.CHANGE_WIFI_STATE,com.oppo.launcher.permission.READ_SETTINGS,com.huawei.android.launcher.permission.WRITE_SETTINGS,android.permission.USE_FINGERPRINT,android.permission.READ_APP_BADGE,me.everything.badger.permission.BADGE_COUNT_WRITE,com.oppo.launcher.permission.WRITE_SETTINGS,android.permission.INTERNET,android.permission.ACCESS_NETWORK_STATE,com.htc.launcher.permission.UPDATE_SHORTCUT,com.sonymobile.home.permission.PROVIDER_INSERT_BADGE,com.sec.android.provider.badge.permission.READ,com.anddoes.launcher.permission.UPDATE_COUNT,android.permission.WAKE_LOCK,com.htc.launcher.permission.READ_SETTINGS	android.permission.ACCESS_COARSE_LOCATION,android.permission.WRITE_CALENDAR,android.permission.WRITE_EXTERNAL_STORAGE,android.permission.GET_ACCOUNTS,android.permission.READ_CALENDAR,android.permission.ACCESS_FINE_LOCATION,android.permission.CAMERA,android.permission.READ_EXTERNAL_STORAGE
com.ivolk.StrelkaGPS	24	5	android.permission.ACCESS_NETWORK_STATE,android.permission.VIBRATE,android.permission.MODIFY_AUDIO_SETTINGS,android.permission.WAKE_LOCK,android.permission.REQUEST_IGNORE_BATTERY_OPTIMIZATIONS,android.permission.BLUETOOTH,android.permission.BROADCAST_STICKY,android.permission.ACCESS_BACKGROUND_LOCATION,android.permission.QUICKBOOT_POWERON,android.permission.FOREGROUND_SERVICE,com.android.vending.BILLING,android.permission.SYSTEM_ALERT_WINDOW,android.permission.KILL_BACKGROUND_PROCESSES,android.permission.INTERNET,com.android.vending.CHECK_LICENSE,android.permission.REQUEST_INSTALL_PACKAGES,android.permission.RECEIVE_BOOT_COMPLETED,android.permission.BLUETOOTH_ADMIN,android.permission.BLUETOOTH_CONNECT	android.permission.READ_PHONE_STATE,android.permission.GET_ACCOUNTS,android.permission.ACCESS_FINE_LOCATION,android.permission.READ_EXTERNAL_STORAGE,android.permission.WRITE_EXTERNAL_STORAGE
ru.yandex.metro	14	3	android.permission.CHANGE_WIFI_STATE,android.permission.RECEIVE_BOOT_COMPLETED,android.permission.ACCESS_WIFI_STATE,android.permission.INTERNET,android.permission.VIBRATE,android.permission.NFC,android.permission.WAKE_LOCK,com.android.alarm.permission.SET_ALARM,com.google.android.finsky.permission.BIND_GET_INSTALL_REFERRER_SERVICE,com.google.android.c2dm.permission.RECEIVE,android.permission.ACCESS_NETWORK_STATE	android.permission.WRITE_EXTERNAL_STORAGE,android.permission.READ_EXTERNAL_STORAGE,android.permission.ACCESS_FINE_LOCATION
ru.aeroflot	23	7	android.permission.FOREGROUND_SERVICE,android.permission.WAKE_LOCK,android.permission.ACCESS_NETWORK_STATE,android.permission.NFC,android.permission.BLUETOOTH_ADMIN,com.google.android.c2dm.permission.RECEIVE,android.permission.INTERNET,android.permission.USE_FINGERPRINT,android.permission.USE_BIOMETRIC,android.permission.ACCESS_WIFI_STATE,android.permission.CHANGE_NETWORK_STATE,android.permission.MODIFY_AUDIO_SETTINGS,android.permission.FLASHLIGHT,ru.aeroflot.permission.pushserver.RECEIVE,android.permission.CHANGE_WIFI_STATE,android.permission.BLUETOOTH	android.permission.ACCESS_COARSE_LOCATION,android.permission.ACCESS_FINE_LOCATION,android.permission.READ_EXTERNAL_STORAGE,android.permission.READ_PHONE_STATE,android.permission.CAMERA,android.permission.RECORD_AUDIO,android.permission.WRITE_EXTERNAL_STORAGE
ru.mosmetro.metro	33	7	ru.mosmetro.metro.permission.PROCESS_PUSH_MSG,com.google.android.finsky.permission.BIND_GET_INSTALL_REFERRER_SERVICE,com.google.android.c2dm.permission.RECEIVE,android.permission.USE_FINGERPRINT,android.permission.VIBRATE,android.permission.USE_BIOMETRIC,ru.mosmetro.metro.permission.pushserver.RECEIVE,android.permission.CHANGE_WIFI_STATE,android.permission.INTERNET,android.permission.BIND_AUTOFILL_SERVICE,android.permission.SYSTEM_ALERT_WINDOW,com.samsung.wmanager.ENABLE_NOTIFICATION,android.permission.NFC,android.permission.ACCESS_WIFI_STATE,com.google.android.gms.permission.AD_ID,android.permission.ACCESS_NETWORK_STATE,ru.mosmetro.metro.permission.PUSH_PROVIDER,android.permission.FOREGROUND_SERVICE,android.permission.REQUEST_INSTALL_PACKAGES,android.permission.DOWNLOAD_WITHOUT_NOTIFICATION,android.permission.ACCESS_MEDIA_LOCATION,android.permission.RECEIVE_BOOT_COMPLETED,android.permission.BLUETOOTH_ADMIN,com.huawei.appmarket.service.commondata.permission.GET_COMMON_DATA,android.permission.WAKE_LOCK,android.permission.BLUETOOTH	android.permision.CALL_PHONE,android.permission.ACCESS_COARSE_LOCATION,android.permission.ACCESS_FINE_LOCATION,android.permission.RECORD_AUDIO,android.permission.READ_EXTERNAL_STORAGE,android.permission.WRITE_EXTERNAL_STORAGE,android.permission.CAMERA
ru.mosparking.appnew	28	7	android.permission.USE_BIOMETRIC,ru.mosparking.appnew.permission.PROCESS_PUSH_MSG,com.google.android.c2dm.permission.RECEIVE,ru.mosparking.appnew.permission.PUSH_PROVIDER,com.huawei.appmarket.service.commondata.permission.GET_COMMON_DATA,android.permission.NFC,android.permission.WAKE_LOCK,android.permission.BLUETOOTH,com.google.android.providers.gsf.permission.READ_GSERVICES,android.permission.ACCESS_NETWORK_STATE,com.google.android.finsky.permission.BIND_GET_INSTALL_REFERRER_SERVICE,android.permission.FOREGROUND_SERVICE,android.permission.BLUETOOTH_ADMIN,android.permission.USE_FINGERPRINT,android.permission.REQUEST_INSTALL_PACKAGES,android.permission.CHANGE_WIFI_STATE,android.permission.ACCESS_WIFI_STATE,android.permission.RECEIVE_BOOT_COMPLETED,android.permission.INTERNET,android.permission.GET_TASKS,android.permission.ACCESS_BACKGROUND_LOCATION	android.permission.READ_EXTERNAL_STORAGE,android.permission.CALL_PHONE,android.permission.CAMERA,android.permission.ACCESS_COARSE_LOCATION,android.permission.READ_PHONE_STATE,android.permission.WRITE_EXTERNAL_STORAGE,android.permission.ACCESS_FINE_LOCATION
com.sberauto.mobile	44	5	android.permission.WAKE_LOCK,android.permission.ACCESS_WIFI_STATE,com.sonyericsson.home.permission.BROADCAST_BADGE,com.google.android.finsky.permission.BIND_GET_INSTALL_REFERRER_SERVICE,com.huawei.android.launcher.permission.READ_SETTINGS,com.huawei.android.launcher.permission.CHANGE_BADGE,com.sberauto.mobile.permission.C2D_MESSAGE,com.sec.android.provider.badge.permission.READ,com.sonymobile.home.permission.PROVIDER_INSERT_BADGE,com.sec.android.provider.badge.permission.WRITE,android.permission.READ_APP_BADGE,com.hihonor.permission.MANAGE_FOLD_SCREEN,android.permission.VIBRATE,com.huawei.android.launcher.permission.WRITE_SETTINGS,com.huawei.permission.sec.ACCESS_UDID,com.sec.android.provider.badge.BadgeProvider,android.permission.REQUEST_INSTALL_PACKAGES,com.huawei.permission.sec.MDM.v2,com.android.vending.CHECK_LICENSE,android.permission.BLUETOOTH,com.hihonor.permission.MANAGE_FOLD_SCREEN_PRIVILEGED,com.google.android.c2dm.permission.RECEIVE,com.sberauto.mobile.permission.PUSH_PROVIDER,android.permission.ACCESS_NETWORK_STATE,com.google.android.gms.permission.AD_ID,com.oppo.launcher.permission.WRITE_SETTINGS,me.everything.badger.permission.BADGE_COUNT_READ,me.everything.badger.permission.BADGE_COUNT_WRITE,com.majeur.launcher.permission.UPDATE_BADGE,android.permission.USE_BIOMETRIC,com.sberauto.mobile.permission.PROCESS_PUSH_MSG,com.anddoes.launcher.permission.UPDATE_COUNT,android.permission.QUERY_ALL_PACKAGES,com.htc.launcher.permission.READ_SETTINGS,android.permission.INTERNET,android.permission.USE_FINGERPRINT,com.htc.launcher.permission.UPDATE_SHORTCUT,android.permission.BROADCAST_STICKY,com.oppo.launcher.permission.READ_SETTINGS	android.permission.READ_PHONE_STATE,android.permission.WRITE_EXTERNAL_STORAGE,android.permission.CAMERA,android.permission.ACCESS_COARSE_LOCATION,android.permission.ACCESS_FINE_LOCATION
com.ivolk.estrelka	19	2	android.permission.RECEIVE_BOOT_COMPLETED,android.permission.ACCESS_NETWORK_STATE,android.permission.VIBRATE,android.permission.WAKE_LOCK,android.permission.QUICKBOOT_POWERON,android.permission.BROADCAST_STICKY,android.permission.BLUETOOTH_ADMIN,android.permission.INTERNET,android.permission.FOREGROUND_SERVICE,android.permission.ACCESS_BACKGROUND_LOCATION,android.permission.MODIFY_AUDIO_SETTINGS,android.permission.BLUETOOTH,android.permission.REQUEST_IGNORE_BATTERY_OPTIMIZATIONS,android.permission.BLUETOOTH_CONNECT,com.android.vending.BILLING,android.permission.SYSTEM_ALERT_WINDOW,android.permission.REQUEST_INSTALL_PACKAGES	android.permission.READ_PHONE_STATE,android.permission.ACCESS_FINE_LOCATION
ru.farpost.dromfilter	27	7	ru.farpost.dromfilter.permission.PROCESS_PUSH_MSG,android.permission.FOREGROUND_SERVICE,android.permission.REQUEST_INSTALL_PACKAGES,android.permission.CHANGE_WIFI_STATE,android.permission.ACCESS_NOTIFICATION_POLICY,android.permission.ACCESS_WIFI_STATE,android.permission.ACCESS_NETWORK_STATE,android.permission.MODIFY_AUDIO_SETTINGS,android.permission.VIBRATE,com.huawei.appmarket.service.commondata.permission.GET_COMMON_DATA,ru.farpost.dromfilter.permission.PUSH_PROVIDER,android.permission.CHANGE_WIFI_MULTICAST_STATE,android.permission.INTERNET,com.google.android.c2dm.permission.RECEIVE,com.google.android.gms.permission.AD_ID,android.permission.USE_FULL_SCREEN_INTENT,android.permission.WAKE_LOCK,android.permission.RECEIVE_BOOT_COMPLETED,android.permission.CHANGE_NETWORK_STATE,com.google.android.finsky.permission.BIND_GET_INSTALL_REFERRER_SERVICE	android.permission.WRITE_EXTERNAL_STORAGE,android.permission.RECORD_AUDIO,android.permission.READ_EXTERNAL_STORAGE,android.permission.ACCESS_FINE_LOCATION,android.permission.CAMERA,android.permission.READ_PHONE_STATE,android.permission.ACCESS_COARSE_LOCATION
ru.yandex.taxi	53	10	me.everything.badger.permission.BADGE_COUNT_WRITE,com.android.vending.BILLING,android.permission.MANAGE_ACCOUNTS,com.google.android.gms.permission.AD_ID,android.permission.NFC,com.oppo.launcher.permission.WRITE_SETTINGS,android.permission.AUTHENTICATE_ACCOUNTS,com.yandex.permission.AM_COMMUNICATION,com.yandex.yphone.permission.WRITE,android.permission.WAKE_LOCK,android.permission.FOREGROUND_SERVICE,android.permission.USE_FINGERPRINT,com.oppo.launcher.permission.READ_SETTINGS,android.permission.INTERNET,android.permission.VIBRATE,android.permission.CHANGE_WIFI_STATE,android.permission.USE_CREDENTIALS,com.sec.android.provider.badge.permission.READ,com.huawei.android.launcher.permission.CHANGE_BADGE,com.huawei.android.launcher.permission.READ_SETTINGS,com.google.android.finsky.permission.BIND_GET_INSTALL_REFERRER_SERVICE,com.google.android.c2dm.permission.RECEIVE,com.htc.launcher.permission.UPDATE_SHORTCUT,com.huawei.android.launcher.permission.WRITE_SETTINGS,ru.yandex.taxi.ORDER_NOTIFICATION,com.sec.android.provider.badge.permission.WRITE,com.majeur.launcher.permission.UPDATE_BADGE,me.everything.badger.permission.BADGE_COUNT_READ,com.anddoes.launcher.permission.UPDATE_COUNT,com.yandex.permission.READ_CREDENTIALS,android.permission.READ_APP_BADGE,android.permission.ACCESS_NETWORK_STATE,com.htc.launcher.permission.READ_SETTINGS,android.permission.BLUETOOTH,ru.yandex.taxi.permission.PUSH_PROVIDER,android.permission.REQUEST_INSTALL_PACKAGES,com.sonyericsson.home.permission.BROADCAST_BADGE,android.permission.ACCESS_WIFI_STATE,com.huawei.appmarket.service.commondata.permission.GET_COMMON_DATA,com.sonymobile.home.permission.PROVIDER_INSERT_BADGE,ru.yandex.taxi.permission.PROCESS_PUSH_MSG,android.permission.USE_BIOMETRIC,com.yandex.yphone.permission.READ	android.permission.RECORD_AUDIO,android.permission.ACCESS_FINE_LOCATION,android.permission.READ_PHONE_STATE,android.permission.GET_ACCOUNTS,android.permission.READ_EXTERNAL_STORAGE,android.permission.CALL_PHONE,android.permission.CAMERA,android.permission.ACCESS_COARSE_LOCATION,android.permission.WRITE_EXTERNAL_STORAGE,android.permission.READ_CONTACTS
com.mybedy.antiradar.rustore	18	2	android.permission.ACCESS_NETWORK_STATE,android.permission.ACCESS_BACKGROUND_LOCATION,android.permission.SYSTEM_ALERT_WINDOW,android.permission.FOREGROUND_SERVICE,android.permission.WAKE_LOCK,android.permission.RECEIVE_BOOT_COMPLETED,com.google.android.c2dm.permission.RECEIVE,android.permission.VIBRATE,android.permission.REQUEST_IGNORE_BATTERY_OPTIMIZATIONS,android.permission.ACCESS_WIFI_STATE,android.permission.INTERNET,android.permission.BLUETOOTH,android.permission.CHANGE_WIFI_STATE,android.permission.MODIFY_AUDIO_SETTINGS,android.permission.BLUETOOTH_ADMIN,com.android.vending.BILLING	android.permission.ACCESS_FINE_LOCATION,android.permission.ACCESS_COARSE_LOCATION
kb2.soft.fuelcalculator	0	0		
ru.bloodsoft.gibddchecker	11	1	com.android.vending.BILLING,android.permission.ACCESS_WIFI_STATE,android.permission.ACCESS_NETWORK_STATE,android.permission.RECEIVE_BOOT_COMPLETED,android.permission.FOREGROUND_SERVICE,com.google.android.c2dm.permission.RECEIVE,android.permission.WAKE_LOCK,com.google.android.finsky.permission.BIND_GET_INSTALL_REFERRER_SERVICE,android.permission.INTERNET,com.google.android.gms.permission.AD_ID	android.permission.CAMERA
org.reactivephone	17	3	android.permission.ACCESS_NETWORK_STATE,android.permission.RECEIVE_BOOT_COMPLETED,com.android.vending.BILLING,org.reactivephone.permission.C2D_MESSAGE,android.permission.ACCESS_WIFI_STATE,android.permission.INTERNET,com.huawei.appmarket.service.commondata.permission.GET_COMMON_DATA,android.permission.USE_FINGERPRINT,com.google.android.finsky.permission.BIND_GET_INSTALL_REFERRER_SERVICE,android.permission.REQUEST_INSTALL_PACKAGES,android.permission.WAKE_LOCK,android.permission.FOREGROUND_SERVICE,com.google.android.gms.permission.AD_ID,com.google.android.c2dm.permission.RECEIVE	android.permission.CAMERA,android.permission.WRITE_EXTERNAL_STORAGE,android.permission.GET_ACCOUNTS
ru.reactivephone.Visitors	2	0	android.permission.ACCESS_NETWORK_STATE,android.permission.INTERNET	
org.ray.auto	13	2	android.permission.ACCESS_WIFI_STATE,android.permission.WAKE_LOCK,android.permission.FOREGROUND_SERVICE,android.permission.RECEIVE_BOOT_COMPLETED,android.permission.ACCESS_NETWORK_STATE,android.permission.VIBRATE,com.android.vending.BILLING,android.permission.INTERNET,com.google.android.gms.permission.AD_ID,com.google.android.finsky.permission.BIND_GET_INSTALL_REFERRER_SERVICE,com.google.android.c2dm.permission.RECEIVE	android.permission.READ_EXTERNAL_STORAGE,android.permission.WRITE_EXTERNAL_STORAGE
ru.belkacar.belkacar	21	6	com.google.android.c2dm.permission.RECEIVE,android.permission.GET_TASKS,android.permission.VIBRATE,com.google.android.gms.permission.AD_ID,android.permission.CHANGE_NETWORK_STATE,android.permission.BLUETOOTH_ADMIN,android.permission.FOREGROUND_SERVICE,android.permission.ACCESS_NETWORK_STATE,android.permission.RECEIVE_BOOT_COMPLETED,android.permission.INTERNET,android.permission.ACCESS_WIFI_STATE,com.google.android.finsky.permission.BIND_GET_INSTALL_REFERRER_SERVICE,android.permission.WAKE_LOCK,android.permission.BLUETOOTH,android.permission.HIGH_SAMPLING_RATE_SENSORS	android.permission.WRITE_EXTERNAL_STORAGE,android.permission.ACCESS_FINE_LOCATION,android.permission.CAMERA,android.permission.READ_PHONE_STATE,android.permission.READ_EXTERNAL_STORAGE,android.permission.ACCESS_COARSE_LOCATION
com.taxsee.taxsee	23	4	android.permission.FOREGROUND_SERVICE,android.permission.GET_TASKS,android.permission.BLUETOOTH,android.permission.BROADCAST_CLOSE_SYSTEM_DIALOGS,com.google.android.finsky.permission.BIND_GET_INSTALL_REFERRER_SERVICE,android.permission.USE_FULL_SCREEN_INTENT,android.permission.ACCESS_NETWORK_STATE,com.google.android.providers.gsf.permission.READ_GSERVICES,android.permission.WAKE_LOCK,android.permission.INTERNET,com.google.android.gms.permission.AD_ID,com.android.launcher.permission.INSTALL_SHORTCUT,android.permission.ACCESS_COARSE_UPDATES,android.permission.MODIFY_AUDIO_SETTINGS,android.permission.VIBRATE,android.permission.CHANGE_WIFI_STATE,com.google.android.c2dm.permission.RECEIVE,android.permission.RECEIVE_BOOT_COMPLETED,android.permission.ACCESS_WIFI_STATE	android.permission.RECORD_AUDIO,android.permission.ACCESS_FINE_LOCATION,android.permission.ACCESS_COARSE_LOCATION,android.permission.READ_PHONE_STATE
ru.gibdd_pay.app	10	0	ru.gibdd_pay.app.permission.PUSH_PROVIDER,android.permission.ACCESS_NETWORK_STATE,ru.gibdd_pay.app.permission.PROCESS_PUSH_MSG,android.permission.INTERNET,android.permission.RECEIVE_BOOT_COMPLETED,com.google.android.c2dm.permission.RECEIVE,com.huawei.appmarket.service.commondata.permission.GET_COMMON_DATA,com.google.android.finsky.permission.BIND_GET_INSTALL_REFERRER_SERVICE,android.permission.FOREGROUND_SERVICE,android.permission.WAKE_LOCK	
ru.invoicebox.troika.individual	14	2	android.permission.WAKE_LOCK,com.google.android.c2dm.permission.RECEIVE,android.permission.RECEIVE_BOOT_COMPLETED,com.google.android.gms.permission.AD_ID,android.permission.FOREGROUND_SERVICE,android.permission.ACCESS_WIFI_STATE,android.permission.BLUETOOTH,com.huawei.appmarket.service.commondata.permission.GET_COMMON_DATA,com.google.android.finsky.permission.BIND_GET_INSTALL_REFERRER_SERVICE,android.permission.INTERNET,android.permission.ACCESS_NETWORK_STATE,android.permission.NFC	android.permission.ACCESS_FINE_LOCATION,android.permission.ACCESS_COARSE_LOCATION
ru.vin.proverka.auto	9	1	com.google.android.gms.permission.AD_ID,android.permission.WAKE_LOCK,android.permission.ACCESS_WIFI_STATE,com.google.android.c2dm.permission.RECEIVE,android.permission.INTERNET,android.permission.ACCESS_NETWORK_STATE,com.android.vending.BILLING,com.google.android.finsky.permission.BIND_GET_INSTALL_REFERRER_SERVICE	android.permission.CAMERA
ru.tutu.tutu_emp	21	7	android.permission.AUTHENTICATE_ACCOUNTS,android.permission.ACCESS_NETWORK_STATE,android.permission.CHANGE_WIFI_STATE,com.google.android.finsky.permission.BIND_GET_INSTALL_REFERRER_SERVICE,com.google.android.c2dm.permission.RECEIVE,android.permission.INTERNET,android.permission.MANAGE_ACCOUNTS,android.permission.FOREGROUND_SERVICE,android.permission.BLUETOOTH,com.google.android.gms.permission.AD_ID,android.permission.ACCESS_WIFI_STATE,android.permission.RECEIVE_BOOT_COMPLETED,android.permission.BLUETOOTH_ADMIN,android.permission.WAKE_LOCK	android.permission.READ_EXTERNAL_STORAGE,android.permission.READ_PHONE_STATE,android.permission.WRITE_EXTERNAL_STORAGE,android.permission.CAMERA,android.permission.GET_ACCOUNTS,android.permission.ACCESS_COARSE_LOCATION,android.permission.ACCESS_FINE_LOCATION
com.blackspoongames.gims	4	1	android.permission.INTERNET,com.google.android.finsky.permission.BIND_GET_INSTALL_REFERRER_SERVICE,android.permission.ACCESS_NETWORK_STATE	android.permission.WRITE_EXTERNAL_STORAGE
infobot.gibdd.vin.auto	8	1	com.google.android.c2dm.permission.RECEIVE,android.permission.INTERNET,android.permission.WAKE_LOCK,com.google.android.finsky.permission.BIND_GET_INSTALL_REFERRER_SERVICE,com.android.vending.BILLING,com.google.android.gms.permission.AD_ID,android.permission.ACCESS_NETWORK_STATE	android.permission.CAMERA
youdrive.today	31	9	android.permission.ACCESS_WIFI_STATE,com.google.android.c2dm.permission.RECEIVE,android.permission.USE_FINGERPRINT,android.permission.BLUETOOTH_SCAN,android.permission.FOREGROUND_SERVICE,android.permission.BLUETOOTH_ADMIN,android.permission.CHANGE_NETWORK_STATE,android.permission.VIBRATE,android.permission.ACCESS_NETWORK_STATE,android.permission.USE_BIOMETRIC,android.permission.WRITE_SETTINGS,android.permission.BLUETOOTH_CONNECT,com.android.launcher.permission.INSTALL_SHORTCUT,android.permission.WAKE_LOCK,android.provider.Telephony.SMS_RECEIVED,com.google.android.gms.permission.AD_ID,android.permission.MODIFY_AUDIO_SETTINGS,android.permission.BLUETOOTH,android.permission.RECEIVE_BOOT_COMPLETED,com.google.android.finsky.permission.BIND_GET_INSTALL_REFERRER_SERVICE,com.google.android.providers.gsf.permission.READ_GSERVICES,android.permission.INTERNET	android.permission.READ_PHONE_STATE,android.permission.ACCESS_FINE_LOCATION,android.permission.READ_CONTACTS,android.permission.READ_EXTERNAL_STORAGE,android.permission.ACCESS_COARSE_LOCATION,android.permission.RECORD_AUDIO,android.permission.CALL_PHONE,android.permission.CAMERA,android.permission.WRITE_EXTERNAL_STORAGE
poezd.na.bilet	3	0	android.permission.ACCESS_WIFI_STATE,android.permission.INTERNET,android.permission.ACCESS_NETWORK_STATE	
ru.aviabilety.deshevo	13	4	android.permission.INTERNET,android.permission.ACCESS_WIFI_STATE,android.permission.ACCESS_NETWORK_STATE,com.google.android.providers.gsf.permission.READ_GSERVICES,com.google.android.c2dm.permission.RECEIVE,com.google.android.finsky.permission.BIND_GET_INSTALL_REFERRER_SERVICE,android.permission.WAKE_LOCK,android.permission.FOREGROUND_SERVICE,android.permission.RECEIVE_BOOT_COMPLETED	android.permission.ACCESS_FINE_LOCATION,android.permission.ACCESS_COARSE_LOCATION,android.permission.READ_CALENDAR,android.permission.WRITE_CALENDAR
com.poputti.app	36	6	me.everything.badger.permission.BADGE_COUNT_WRITE,com.sonymobile.home.permission.PROVIDER_INSERT_BADGE,android.permission.WAKE_LOCK,com.poputti.app.permission.C2D_MESSAGE,android.permission.BROADCAST_STICKY,com.oppo.launcher.permission.READ_SETTINGS,android.permission.BLUETOOTH,com.sec.android.provider.badge.permission.WRITE,android.permission.READ_APP_BADGE,android.permission.VIBRATE,com.htc.launcher.permission.READ_SETTINGS,com.htc.launcher.permission.UPDATE_SHORTCUT,android.permission.NFC,android.permission.INTERNET,com.oppo.launcher.permission.WRITE_SETTINGS,com.huawei.android.launcher.permission.READ_SETTINGS,com.sec.android.provider.badge.permission.READ,com.majeur.launcher.permission.UPDATE_BADGE,android.permission.ACCESS_NETWORK_STATE,com.huawei.android.launcher.permission.WRITE_SETTINGS,android.permission.ACCESS_WIFI_STATE,android.permission.RECEIVE_BOOT_COMPLETED,com.google.android.c2dm.permission.RECEIVE,com.huawei.android.launcher.permission.CHANGE_BADGE,android.permission.MODIFY_AUDIO_SETTINGS,me.everything.badger.permission.BADGE_COUNT_READ,android.permission.ACCESS_LOCATION_EXTRA_COMMANDS,android.permission.USE_FINGERPRINT,com.anddoes.launcher.permission.UPDATE_COUNT,com.sonyericsson.home.permission.BROADCAST_BADGE	android.permission.CAMERA,android.permission.RECORD_AUDIO,android.permission.WRITE_EXTERNAL_STORAGE,android.permission.ACCESS_COARSE_LOCATION,android.permission.READ_PHONE_STATE,android.permission.ACCESS_FINE_LOCATION
ru.mosgorpass	22	7	android.permission.FOREGROUND_SERVICE,com.google.android.gms.permission.AD_ID,android.permission.SCHEDULE_EXACT_ALARM,android.permission.WAKE_LOCK,android.permission.GET_TASKS,ru.mosgorpass.permission.C2D_MESSAGE,android.permission.RECEIVE_BOOT_COMPLETED,android.permission.INTERNET,android.permission.ACCESS_NETWORK_STATE,com.google.android.c2dm.permission.RECEIVE,android.permission.VIBRATE,android.permission.ACCESS_WIFI_STATE,com.google.android.providers.gsf.permission.READ_GSERVICES,android.permission.NFC,com.google.android.finsky.permission.BIND_GET_INSTALL_REFERRER_SERVICE	android.permission.WRITE_EXTERNAL_STORAGE,android.permission.ACCESS_COARSE_LOCATION,android.permission.CAMERA,android.permission.READ_CALENDAR,android.permission.ACCESS_FINE_LOCATION,android.permission.READ_EXTERNAL_STORAGE,android.permission.CALL_PHONE
ru.boxberry.couriers	9	3	android.permission.FOREGROUND_SERVICE,android.permission.INTERNET,android.permission.WAKE_LOCK,android.permission.ACCESS_NETWORK_STATE,com.google.android.finsky.permission.BIND_GET_INSTALL_REFERRER_SERVICE,android.permission.VIBRATE	android.permission.ACCESS_FINE_LOCATION,android.permission.CAMERA,android.permission.ACCESS_COARSE_LOCATION
com.gibdd.app	26	0	com.sonymobile.home.permission.PROVIDER_INSERT_BADGE,com.sec.android.provider.badge.permission.WRITE,com.huawei.android.launcher.permission.WRITE_SETTINGS,com.google.android.gms.permission.AD_ID,android.permission.WAKE_LOCK,com.huawei.android.launcher.permission.CHANGE_BADGE,android.permission.INTERNET,me.everything.badger.permission.BADGE_COUNT_READ,com.oppo.launcher.permission.WRITE_SETTINGS,com.huawei.android.launcher.permission.READ_SETTINGS,com.sonyericsson.home.permission.BROADCAST_BADGE,com.htc.launcher.permission.UPDATE_SHORTCUT,com.oppo.launcher.permission.READ_SETTINGS,com.sec.android.provider.badge.permission.READ,com.google.android.c2dm.permission.RECEIVE,com.htc.launcher.permission.READ_SETTINGS,com.majeur.launcher.permission.UPDATE_BADGE,android.permission.USE_FULL_SCREEN_INTENT,android.permission.ACCESS_NETWORK_STATE,android.permission.SCHEDULE_EXACT_ALARM,android.permission.READ_APP_BADGE,com.anddoes.launcher.permission.UPDATE_COUNT,android.permission.VIBRATE,me.everything.badger.permission.BADGE_COUNT_WRITE,com.google.android.finsky.permission.BIND_GET_INSTALL_REFERRER_SERVICE,android.permission.RECEIVE_BOOT_COMPLETED	
ru.russpass.tourist	13	5	android.permission.RECEIVE_BOOT_COMPLETED,android.permission.CHANGE_WIFI_STATE,android.permission.WAKE_LOCK,com.google.android.finsky.permission.BIND_GET_INSTALL_REFERRER_SERVICE,android.permission.ACCESS_NETWORK_STATE,android.permission.ACCESS_WIFI_STATE,android.permission.INTERNET,com.google.android.gms.permission.AD_ID	android.permission.CAMERA,android.permission.READ_EXTERNAL_STORAGE,android.permission.ACCESS_COARSE_LOCATION,android.permission.ACCESS_FINE_LOCATION,android.permission.WRITE_EXTERNAL_STORAGE
com.vladdrummer.autorus	15	5	android.permission.RECEIVE_BOOT_COMPLETED,android.permission.ACCESS_NETWORK_STATE,android.permission.ACCESS_WIFI_STATE,com.google.android.finsky.permission.BIND_GET_INSTALL_REFERRER_SERVICE,android.permission.BLUETOOTH_ADMIN,android.permission.WAKE_LOCK,android.permission.BLUETOOTH,android.permission.INTERNET,android.permission.CHANGE_WIFI_STATE,com.google.android.gms.permission.AD_ID	android.permission.CAMERA,android.permission.ACCESS_FINE_LOCATION,android.permission.WRITE_EXTERNAL_STORAGE,android.permission.ACCESS_COARSE_LOCATION,android.permission.READ_EXTERNAL_STORAGE
ru.linevo.pddabm	6	0	android.permission.INTERNET,android.permission.ACCESS_WIFI_STATE,com.google.android.gms.permission.AD_ID,com.google.android.finsky.permission.BIND_GET_INSTALL_REFERRER_SERVICE,android.permission.ACCESS_NETWORK_STATE,android.permission.WAKE_LOCK	
aero.svo.app	34	7	com.sonymobile.home.permission.PROVIDER_INSERT_BADGE,me.everything.badger.permission.BADGE_COUNT_WRITE,android.permission.MODIFY_AUDIO_SETTINGS,com.sec.android.provider.badge.permission.WRITE,com.oppo.launcher.permission.READ_SETTINGS,android.permission.BLUETOOTH_ADMIN,aero.svo.app.permission.C2D_MESSAGE,com.google.android.c2dm.permission.RECEIVE,android.permission.VIBRATE,com.sec.android.provider.badge.permission.READ,com.huawei.android.launcher.permission.WRITE_SETTINGS,com.oppo.launcher.permission.WRITE_SETTINGS,android.permission.FLASHLIGHT,android.permission.WAKE_LOCK,com.huawei.android.launcher.permission.READ_SETTINGS,com.anddoes.launcher.permission.UPDATE_COUNT,android.permission.RECEIVE_BOOT_COMPLETED,com.htc.launcher.permission.UPDATE_SHORTCUT,android.permission.READ_APP_BADGE,com.huawei.android.launcher.permission.CHANGE_BADGE,me.everything.badger.permission.BADGE_COUNT_READ,android.permission.BLUETOOTH,android.permission.INTERNET,com.majeur.launcher.permission.UPDATE_BADGE,com.htc.launcher.permission.READ_SETTINGS,com.sonyericsson.home.permission.BROADCAST_BADGE,android.permission.ACCESS_NETWORK_STATE	android.permission.WRITE_EXTERNAL_STORAGE,android.permission.ACCESS_COARSE_LOCATION,android.permission.RECORD_AUDIO,android.permission.READ_PHONE_STATE,android.permission.CAMERA,android.permission.READ_EXTERNAL_STORAGE,android.permission.ACCESS_FINE_LOCATION
ru.kih.transport.sochi	22	2	com.htc.launcher.permission.UPDATE_SHORTCUT,com.htc.launcher.permission.READ_SETTINGS,com.sec.android.provider.badge.permission.READ,android.permission.ACCESS_NOTIFICATION_POLICY,android.permission.READ_APP_BADGE,me.everything.badger.permission.BADGE_COUNT_READ,com.anddoes.launcher.permission.UPDATE_COUNT,com.huawei.android.launcher.permission.READ_SETTINGS,com.oppo.launcher.permission.WRITE_SETTINGS,com.majeur.launcher.permission.UPDATE_BADGE,com.oppo.launcher.permission.READ_SETTINGS,android.permission.RECEIVE_BOOT_COMPLETED,com.sec.android.provider.badge.permission.WRITE,android.permission.WAKE_LOCK,com.huawei.android.launcher.permission.WRITE_SETTINGS,com.huawei.android.launcher.permission.CHANGE_BADGE,android.permission.INTERNET,me.everything.badger.permission.BADGE_COUNT_WRITE,com.sonymobile.home.permission.PROVIDER_INSERT_BADGE,com.sonyericsson.home.permission.BROADCAST_BADGE	android.permission.ACCESS_COARSE_LOCATION,android.permission.ACCESS_FINE_LOCATION
io.ionic.autoinfo	34	6	com.sec.android.provider.badge.permission.WRITE,android.permission.BLUETOOTH,com.htc.launcher.permission.READ_SETTINGS,com.anddoes.launcher.permission.UPDATE_COUNT,com.huawei.android.launcher.permission.CHANGE_BADGE,android.permission.GET_TASKS,com.amazon.device.messaging.permission.RECEIVE,android.permission.INTERNET,com.oppo.launcher.permission.WRITE_SETTINGS,com.sec.android.provider.badge.permission.READ,com.huawei.android.launcher.permission.WRITE_SETTINGS,com.google.android.c2dm.permission.RECEIVE,android.permission.READ_APP_BADGE,com.htc.launcher.permission.UPDATE_SHORTCUT,android.permission.VIBRATE,com.oppo.launcher.permission.READ_SETTINGS,com.majeur.launcher.permission.UPDATE_BADGE,me.everything.badger.permission.BADGE_COUNT_READ,com.sonymobile.home.permission.PROVIDER_INSERT_BADGE,io.ionic.autoinfo.permission.RECEIVE_ADM_MESSAGE,android.permission.RECORD_VIDEO,com.sonyericsson.home.permission.BROADCAST_BADGE,com.huawei.android.launcher.permission.READ_SETTINGS,android.permission.WAKE_LOCK,io.ionic.autoinfo.permission.C2D_MESSAGE,me.everything.badger.permission.BADGE_COUNT_WRITE,android.permission.ACCESS_NETWORK_STATE,android.permission.RECEIVE_BOOT_COMPLETED	android.permission.WRITE_EXTERNAL_STORAGE,android.permission.ACCESS_FINE_LOCATION,android.permission.RECORD_AUDIO,android.permission.READ_EXTERNAL_STORAGE,android.permission.READ_PHONE_STATE,android.permission.ACCESS_COARSE_LOCATION
com.do_apps.catalog_309	7	0	com.google.android.gms.permission.AD_ID,android.permission.ACCESS_WIFI_STATE,android.permission.REQUEST_INSTALL_PACKAGES,android.permission.INTERNET,android.permission.ACCESS_NETWORK_STATE,com.google.android.finsky.permission.BIND_GET_INSTALL_REFERRER_SERVICE,android.permission.FOREGROUND_SERVICE	
ru.elzforesttech.gisapp	17	5	android.permission.INTERNET,android.permission.CHANGE_WIFI_STATE,android.permission.CHANGE_NETWORK_STATE,android.permission.ACCESS_BACKGROUND_LOCATION,android.permission.VIBRATE,android.permission.FOREGROUND_SERVICE,android.permission.ACCESS_WIFI_STATE,android.permission.ACCESS_NETWORK_STATE,android.permission.ACCESS_MEDIA_LOCATION,android.permission.GET_TASKS,android.permission.RECEIVE_BOOT_COMPLETED,android.permission.WAKE_LOCK	android.permission.ACCESS_COARSE_LOCATION,android.permission.READ_EXTERNAL_STORAGE,android.permission.CAMERA,android.permission.WRITE_EXTERNAL_STORAGE,android.permission.ACCESS_FINE_LOCATION
org.policefines.finesNotCommercial	21	3	android.permission.FOREGROUND_SERVICE,com.sec.android.provider.badge.permission.WRITE,android.permission.ACCESS_NETWORK_STATE,ru.shtrafy_gibdd.nalogi.provider.fines.READ_DATABASE,android.permission.ACCESS_WIFI_STATE,com.google.android.c2dm.permission.RECEIVE,android.permission.WAKE_LOCK,com.google.android.gms.permission.AD_ID,com.htc.launcher.permission.READ_SETTINGS,com.htc.launcher.permission.UPDATE_SHORTCUT,android.permission.GET_TASKS,com.sonyericsson.home.permission.BROADCAST_BADGE,com.google.android.finsky.permission.BIND_GET_INSTALL_REFERRER_SERVICE,android.permission.CHANGE_WIFI_STATE,android.permission.VIBRATE,com.sec.android.provider.badge.permission.READ,android.permission.RECEIVE_BOOT_COMPLETED,android.permission.INTERNET	android.permission.CAMERA,android.permission.WRITE_EXTERNAL_STORAGE,android.permission.READ_EXTERNAL_STORAGE
ru.softinvent.bikecomp	8	2	com.google.android.gms.permission.AD_ID,android.permission.FOREGROUND_SERVICE,com.google.android.finsky.permission.BIND_GET_INSTALL_REFERRER_SERVICE,android.permission.ACCESS_NETWORK_STATE,android.permission.INTERNET,android.permission.WAKE_LOCK	android.permission.ACCESS_FINE_LOCATION,android.permission.ACCESS_COARSE_LOCATION
ru.grandtrain.app	9	3	com.google.android.finsky.permission.BIND_GET_INSTALL_REFERRER_SERVICE,android.permission.MANAGE_ACCOUNTS,android.permission.WAKE_LOCK,android.permission.INTERNET,android.permission.ACCESS_WIFI_STATE,android.permission.ACCESS_NETWORK_STATE	android.permission.READ_CALENDAR,android.permission.WRITE_CALENDAR,android.permission.WRITE_EXTERNAL_STORAGE
ru.invoicebox.troika	14	2	android.permission.RECEIVE_BOOT_COMPLETED,android.permission.INTERNET,android.permission.ACCESS_NETWORK_STATE,com.google.android.gms.permission.AD_ID,android.permission.BLUETOOTH,android.permission.NFC,android.permission.WAKE_LOCK,com.google.android.c2dm.permission.RECEIVE,android.permission.ACCESS_WIFI_STATE,com.google.android.finsky.permission.BIND_GET_INSTALL_REFERRER_SERVICE,android.permission.FOREGROUND_SERVICE,com.huawei.appmarket.service.commondata.permission.GET_COMMON_DATA	android.permission.ACCESS_FINE_LOCATION,android.permission.ACCESS_COARSE_LOCATION
com.blackspoongames.dopog	6	1	com.google.android.gms.permission.AD_ID,com.google.android.finsky.permission.BIND_GET_INSTALL_REFERRER_SERVICE,android.permission.ACCESS_NETWORK_STATE,android.permission.ACCESS_WIFI_STATE,android.permission.INTERNET	android.permission.WRITE_EXTERNAL_STORAGE
ru.gosoplati.app	0	0		
ru.antinteractive.antlivemobile	21	7	android.permission.INTERNET,android.permission.RECEIVE_BOOT_COMPLETED,android.permission.WAKE_LOCK,android.permission.ACCESS_NETWORK_STATE,com.google.android.gms.permission.AD_ID,android.permission.ACCESS_BACKGROUND_LOCATION,android.permission.SYSTEM_ALERT_WINDOW,android.permission.REQUEST_IGNORE_BATTERY_OPTIMIZATIONS,com.google.android.finsky.permission.BIND_GET_INSTALL_REFERRER_SERVICE,android.permission.ACCESS_WIFI_STATE,android.permission.REQUEST_INSTALL_PACKAGES,android.permission.FOREGROUND_SERVICE,android.permission.VIBRATE,com.google.android.c2dm.permission.RECEIVE	android.permission.RECORD_AUDIO,android.permission.CAMERA,android.permission.READ_PHONE_STATE,android.permission.ACCESS_FINE_LOCATION,android.permission.READ_EXTERNAL_STORAGE,android.permission.ACCESS_COARSE_LOCATION,android.permission.WRITE_EXTERNAL_STORAGE
com.tisonline.ttwcome_driver	19	4	android.permission.READ_INTERNAL_STORAGE,android.permission.WAKE_LOCK,android.permission.REQUEST_IGNORE_BATTERY_OPTIMIZATIONS,android.permission.CHANGE_NETWORK_STATE,android.permission.WRITE_INTERNAL_STORAGE,com.google.android.providers.gsf.permission.READ_GSERVICES,android.permission.CHANGE_WIFI_STATE,android.permission.IGNORE_BATTERY_OPTIMIZATIONS,android.permission.INTERNET,com.google.android.c2dm.permission.RECEIVE,android.permission.ACCESS_BACKGROUND_LOCATION,android.permission.ACCESS_WIFI_STATE,com.google.android.gms.permission.ACTIVITY_RECOGNITION,android.permission.FOREGROUND_SERVICE,android.permission.ACCESS_NETWORK_STATE	android.permission.ACCESS_FINE_LOCATION,android.permission.READ_EXTERNAL_STORAGE,android.permission.ACCESS_COARSE_LOCATION,android.permission.WRITE_EXTERNAL_STORAGE
ru.sber.csradar	10	3	com.google.android.finsky.permission.BIND_GET_INSTALL_REFERRER_SERVICE,android.permission.WAKE_LOCK,android.permission.INTERNET,android.permission.USE_FINGERPRINT,android.permission.VIBRATE,android.permission.ACCESS_NETWORK_STATE,android.permission.USE_BIOMETRIC	android.permission.ACCESS_COARSE_LOCATION,android.permission.CAMERA,android.permission.ACCESS_FINE_LOCATION
ru.sdt.courier	11	4	android.permission.VIBRATE,android.permission.WAKE_LOCK,com.google.android.c2dm.permission.RECEIVE,android.permission.FOREGROUND_SERVICE,android.permission.INTERNET,android.permission.ACCESS_NETWORK_STATE,android.permission.RECEIVE_BOOT_COMPLETED	android.permission.CAMERA,android.permission.ACCESS_FINE_LOCATION,android.permission.READ_EXTERNAL_STORAGE,android.permission.WRITE_EXTERNAL_STORAGE
ru.gazprombank.gorodpay	22	6	android.permission.FOREGROUND_SERVICE,android.permission.CHANGE_WIFI_STATE,android.permission.WAKE_LOCK,com.google.android.c2dm.permission.RECEIVE,android.permission.USE_FINGERPRINT,android.permission.USE_BIOMETRIC,android.permission.INTERNET,android.permission.ACCESS_WIFI_STATE,android.permission.NFC,android.permission.MODIFY_AUDIO_SETTINGS,android.permission.RECEIVE_BOOT_COMPLETED,com.google.android.finsky.permission.BIND_GET_INSTALL_REFERRER_SERVICE,com.google.android.gms.permission.AD_ID,android.permission.ACCESS_NETWORK_STATE,ru.gazprombank.gorodpay.permission.PUSH_PROVIDER,ru.gazprombank.gorodpay.permission.PROCESS_PUSH_MSG	android.permission.CAMERA,android.permission.RECORD_AUDIO,android.permission.READ_EXTERNAL_STORAGE,android.permission.ACCESS_FINE_LOCATION,android.permission.WRITE_EXTERNAL_STORAGE,android.permission.ACCESS_COARSE_LOCATION
su.ati.client.android	16	5	android.permission.ACCESS_NETWORK_STATE,android.permission.VIBRATE,android.permission.WAKE_LOCK,android.permission.FOREGROUND_SERVICE,com.google.android.finsky.permission.BIND_GET_INSTALL_REFERRER_SERVICE,android.permission.INTERNET,android.permission.ACCESS_WIFI_STATE,android.permission.DOWNLOAD_WITHOUT_NOTIFICATION,com.google.android.c2dm.permission.RECEIVE,android.permission.POST_NOTIFICATIONS,android.permission.RECEIVE_BOOT_COMPLETED	android.permission.ACCESS_COARSE_LOCATION,android.permission.ACCESS_FINE_LOCATION,android.permission.READ_EXTERNAL_STORAGE,android.permission.WRITE_EXTERNAL_STORAGE,android.permission.CAMERA
ru.allsee.autocoach	2	2		android.permission.WRITE_EXTERNAL_STORAGE,android.permission.READ_EXTERNAL_STORAGE
ru.android.cars7	37	8	me.everything.badger.permission.BADGE_COUNT_READ,android.permission.USE_FINGERPRINT,com.htc.launcher.permission.UPDATE_SHORTCUT,com.oppo.launcher.permission.WRITE_SETTINGS,android.permission.ACCESS_NETWORK_STATE,com.anddoes.launcher.permission.UPDATE_COUNT,android.permission.FOREGROUND_SERVICE,com.google.android.c2dm.permission.RECEIVE,android.permission.WAKE_LOCK,android.permission.READ_APP_BADGE,com.oppo.launcher.permission.READ_SETTINGS,android.permission.RECEIVE_BOOT_COMPLETED,com.sonymobile.home.permission.PROVIDER_INSERT_BADGE,android.permission.USE_FULL_SCREEN_INTENT,com.huawei.android.launcher.permission.READ_SETTINGS,android.permission.ACCESS_WIFI_STATE,me.everything.badger.permission.BADGE_COUNT_WRITE,com.sec.android.provider.badge.permission.WRITE,android.permission.USE_BIOMETRIC,android.permission.INTERNET,com.huawei.android.launcher.permission.WRITE_SETTINGS,android.permission.VIBRATE,com.sonyericsson.home.permission.BROADCAST_BADGE,com.huawei.android.launcher.permission.CHANGE_BADGE,com.majeur.launcher.permission.UPDATE_BADGE,com.sec.android.provider.badge.permission.READ,com.htc.launcher.permission.READ_SETTINGS,android.permission.SCHEDULE_EXACT_ALARM,android.permission.ACCESS_MEDIA_LOCATION	android.permission.READ_EXTERNAL_STORAGE,android.permission.CALL_PHONE,android.permission.CAMERA,android.permission.WRITE_EXTERNAL_STORAGE,android.permission.RECORD_AUDIO,android.permission.ACCESS_FINE_LOCATION,android.permission.READ_PHONE_STATE,android.permission.ACCESS_COARSE_LOCATION
com.smartway	18	4	com.android.vending.CHECK_LICENSE,android.permission.ACCESS_WIFI_STATE,android.permission.GET_TASKS,android.permission.USE_FINGERPRINT,android.permission.VIBRATE,android.permission.RECEIVE_BOOT_COMPLETED,com.google.android.gms.permission.AD_ID,android.permission.WAKE_LOCK,com.google.android.c2dm.permission.RECEIVE,com.google.android.finsky.permission.BIND_GET_INSTALL_REFERRER_SERVICE,android.permission.SYSTEM_ALERT_WINDOW,android.permission.ACCESS_NETWORK_STATE,android.permission.USE_BIOMETRIC,android.permission.INTERNET	android.permission.WRITE_EXTERNAL_STORAGE,android.permission.CAMERA,android.permission.ACCESS_COARSE_LOCATION,android.permission.READ_EXTERNAL_STORAGE
ru.taxovichkof.android	20	6	com.google.android.finsky.permission.BIND_GET_INSTALL_REFERRER_SERVICE,android.permission.ACCESS_WIFI_STATE,android.permission.WAKE_LOCK,com.google.android.providers.gsf.permission.READ_GSERVICES,com.google.android.c2dm.permission.RECEIVE,com.google.android.gms.permission.AD_ID,ru.taxovichkof.android.permission.NotificationMessagingReceiver,android.permission.ACCESS_NETWORK_STAT,android.permission.VIBRATE,android.permission.INTERNET,android.permission.FOREGROUND_SERVICE,android.permission.RECEIVE_BOOT_COMPLETED,android.permission.POST_NOTIFICATIONS,android.permission.ACCESS_NETWORK_STATE	android.permission.CAMERA,android.permission.WRITE_EXTERNAL_STORAGE,android.permission.READ_EXTERNAL_STORAGE,android.permission.ACCESS_COARSE_LOCATION,android.permission.READ_CONTACTS,android.permission.ACCESS_FINE_LOCATION
ru.teligent.gazApp	12	3	android.permission.ACCESS_NETWORK_STATE,android.permission.RECEIVE_BOOT_COMPLETED,ru.teligent.gazApp.permission.PUSH_PROVIDER,ru.teligent.gazApp.permission.PROCESS_PUSH_MSG,com.google.android.c2dm.permission.RECEIVE,android.permission.INTERNET,android.permission.WAKE_LOCK,android.permission.VIBRATE,android.permission.SYSTEM_ALERT_WINDOW	android.permission.ACCESS_FINE_LOCATION,android.permission.ACCESS_COARSE_LOCATION,android.permission.CALL_PHONE
com.sitronics.app	17	6	com.google.android.gms.permission.AD_ID,android.permission.INTERNET,android.permission.BLUETOOTH_ADMIN,android.permission.ACCESS_WIFI_STATE,android.permission.WAKE_LOCK,android.permission.BLUETOOTH,com.google.android.c2dm.permission.RECEIVE,android.permission.ACCESS_NETWORK_STATE,android.permission.RECEIVE_BOOT_COMPLETED,com.google.android.finsky.permission.BIND_GET_INSTALL_REFERRER_SERVICE,android.permission.CHANGE_WIFI_STATE	android.permission.WRITE_EXTERNAL_STORAGE,android.permission.ACCESS_COARSE_LOCATION,android.permission.CAMERA,android.permission.ACCESS_FINE_LOCATION,android.permission.READ_EXTERNAL_STORAGE,android.permission.CALL_PHONE
io.teamb.moyka	13	4	com.google.android.finsky.permission.BIND_GET_INSTALL_REFERRER_SERVICE,com.google.android.c2dm.permission.RECEIVE,android.permission.WAKE_LOCK,com.google.android.gms.permission.AD_ID,android.permission.ACCESS_WIFI_STATE,android.permission.ACCESS_NETWORK_STATE,android.permission.FLASHLIGHT,android.permission.INTERNET,android.permission.VIBRATE	android.permission.ACCESS_COARSE_LOCATION,android.permission.CAMERA,android.permission.ACCESS_FINE_LOCATION,android.permission.WRITE_EXTERNAL_STORAGE
ru.taximaster.tmtaxicaller.id7705	16	5	android.permission.BLUETOOTH,android.permission.RECEIVE_BOOT_COMPLETED,android.permission.ACCESS_WIFI_STATE,android.permission.BLUETOOTH_ADMIN,android.permission.CHANGE_WIFI_STATE,android.permission.VIBRATE,android.permission.WAKE_LOCK,com.google.android.finsky.permission.BIND_GET_INSTALL_REFERRER_SERVICE,android.permission.INTERNET,android.permission.ACCESS_NETWORK_STATE,com.google.android.c2dm.permission.RECEIVE	android.permission.ACCESS_COARSE_LOCATION,android.permission.READ_EXTERNAL_STORAGE,android.permission.READ_CONTACTS,android.permission.ACCESS_FINE_LOCATION,android.permission.WRITE_EXTERNAL_STORAGE
com.gootax.zam211	17	5	android.permission.BLUETOOTH_ADMIN,android.permission.BLUETOOTH,android.permission.ACCESS_WIFI_STATE,com.google.android.c2dm.permission.RECEIVE,android.permission.RECEIVE_BOOT_COMPLETED,android.permission.INTERNET,android.permission.VIBRATE,android.permission.ACCESS_NETWORK_STATE,com.google.android.finsky.permission.BIND_GET_INSTALL_REFERRER_SERVICE,android.permission.WAKE_LOCK,com.google.android.gms.permission.AD_ID,android.permission.CHANGE_WIFI_STATE	android.permission.ACCESS_FINE_LOCATION,android.permission.ACCESS_COARSE_LOCATION,android.permission.READ_CONTACTS,android.permission.READ_EXTERNAL_STORAGE,android.permission.WRITE_EXTERNAL_STORAGE
ru.amfly.app	2	0	android.permission.ACCESS_NETWORK_STATE,android.permission.INTERNET	
com.tisonline.tis_taxi	16	4	com.google.android.providers.gsf.permission.READ_GSERVICES,android.permission.ACCESS_BACKGROUND_LOCATION,com.google.android.gms.permission.ACTIVITY_RECOGNITION,android.permission.IGNORE_BATTERY_OPTIMIZATIONS,android.permission.READ_INTERNAL_STORAGE,android.permission.WAKE_LOCK,android.permission.WRITE_INTERNAL_STORAGE,android.permission.FOREGROUND_SERVICE,android.permission.VIBRATE,android.permission.ACCESS_NETWORK_STATE,android.permission.INTERNET,android.permission.REQUEST_IGNORE_BATTERY_OPTIMIZATIONS	android.permission.ACCESS_FINE_LOCATION,android.permission.READ_EXTERNAL_STORAGE,android.permission.WRITE_EXTERNAL_STORAGE,android.permission.ACCESS_COARSE_LOCATION
com.smarttransport.its.ordervehicle	15	4	android.permission.ACCESS_NETWORK_STATE,android.permission.BLUETOOTH_ADMIN,com.google.android.c2dm.permission.RECEIVE,android.permission.INTERNET,android.permission.RECEIVE_BOOT_COMPLETED,android.permission.ACCESS_WIFI_STATE,com.google.android.finsky.permission.BIND_GET_INSTALL_REFERRER_SERVICE,android.permission.BLUETOOTH,android.permission.FLASHLIGHT,android.permission.CHANGE_WIFI_STATE,android.permission.WAKE_LOCK	android.permission.ACCESS_FINE_LOCATION,android.permission.READ_EXTERNAL_STORAGE,android.permission.CAMERA,android.permission.WRITE_EXTERNAL_STORAGE
ru.bstd.tmr_trade_in_check_app	8	1	com.google.android.gms.permission.AD_ID,com.google.android.c2dm.permission.RECEIVE,android.permission.ACCESS_NETWORK_STATE,android.permission.WAKE_LOCK,android.permission.INTERNET,com.google.android.finsky.permission.BIND_GET_INSTALL_REFERRER_SERVICE,android.permission.ACCESS_WIFI_STATE	android.permission.CAMERA
com.tisonline.tis_driver_rl	16	4	android.permission.ACCESS_NETWORK_STATE,android.permission.REQUEST_IGNORE_BATTERY_OPTIMIZATIONS,android.permission.VIBRATE,android.permission.INTERNET,android.permission.FOREGROUND_SERVICE,android.permission.IGNORE_BATTERY_OPTIMIZATIONS,android.permission.WAKE_LOCK,android.permission.ACCESS_BACKGROUND_LOCATION,com.google.android.providers.gsf.permission.READ_GSERVICES,com.google.android.gms.permission.ACTIVITY_RECOGNITION,android.permission.WRITE_INTERNAL_STORAGE,android.permission.READ_INTERNAL_STORAGE	android.permission.WRITE_EXTERNAL_STORAGE,android.permission.ACCESS_FINE_LOCATION,android.permission.ACCESS_COARSE_LOCATION,android.permission.READ_EXTERNAL_STORAGE
su.ati.driver	17	5	android.permission.ACCESS_WIFI_STATE,android.permission.RECEIVE_BOOT_COMPLETED,com.google.android.c2dm.permission.RECEIVE,android.permission.DOWNLOAD_WITHOUT_NOTIFICATION,android.permission.ACCESS_BACKGROUND_LOCATION,android.permission.FOREGROUND_SERVICE,android.permission.WAKE_LOCK,android.permission.ACCESS_NETWORK_STATE,com.google.android.finsky.permission.BIND_GET_INSTALL_REFERRER_SERVICE,android.permission.INTERNET,com.huawei.permission.external_app_settings.USE_COMPONENT,oppo.permission.OPPO_COMPONENT_SAFE	android.permission.CAMERA,android.permission.READ_EXTERNAL_STORAGE,android.permission.WRITE_EXTERNAL_STORAGE,android.permission.ACCESS_FINE_LOCATION,android.permission.ACCESS_COARSE_LOCATION
com.wYAndeksTaksiregistratsiya_8953685	4	0	android.permission.RECEIVE_BOOT_COMPLETED,android.permission.WAKE_LOCK,android.permission.INTERNET,android.permission.ACCESS_NETWORK_STATE	
com.tisonline.tis_driver_request	16	4	android.permission.INTERNET,android.permission.ACCESS_BACKGROUND_LOCATION,android.permission.FOREGROUND_SERVICE,android.permission.WRITE_INTERNAL_STORAGE,android.permission.IGNORE_BATTERY_OPTIMIZATIONS,android.permission.ACCESS_NETWORK_STATE,android.permission.REQUEST_IGNORE_BATTERY_OPTIMIZATIONS,android.permission.READ_INTERNAL_STORAGE,com.google.android.providers.gsf.permission.READ_GSERVICES,android.permission.VIBRATE,android.permission.WAKE_LOCK,com.google.android.gms.permission.ACTIVITY_RECOGNITION	android.permission.WRITE_EXTERNAL_STORAGE,android.permission.ACCESS_FINE_LOCATION,android.permission.ACCESS_COARSE_LOCATION,android.permission.READ_EXTERNAL_STORAGE
com.tisonline.tis_driver	19	4	android.permission.ACCESS_BACKGROUND_LOCATION,android.permission.CHANGE_WIFI_STATE,android.permission.CHANGE_NETWORK_STATE,android.permission.WRITE_INTERNAL_STORAGE,android.permission.WAKE_LOCK,android.permission.ACCESS_NETWORK_STATE,android.permission.REQUEST_IGNORE_BATTERY_OPTIMIZATIONS,android.permission.IGNORE_BATTERY_OPTIMIZATIONS,com.google.android.c2dm.permission.RECEIVE,android.permission.READ_INTERNAL_STORAGE,android.permission.INTERNET,com.google.android.gms.permission.ACTIVITY_RECOGNITION,android.permission.FOREGROUND_SERVICE,android.permission.ACCESS_WIFI_STATE,com.google.android.providers.gsf.permission.READ_GSERVICES	android.permission.ACCESS_COARSE_LOCATION,android.permission.ACCESS_FINE_LOCATION,android.permission.READ_EXTERNAL_STORAGE,android.permission.WRITE_EXTERNAL_STORAGE
com.wfsys.carrent	8	3	android.permission.WAKE_LOCK,android.permission.ACCESS_NETWORK_STATE,android.permission.ACCESS_WIFI_STATE,android.permission.INTERNET,com.google.android.c2dm.permission.RECEIVE	android.permission.CAMERA,android.permission.READ_EXTERNAL_STORAGE,android.permission.WRITE_EXTERNAL_STORAGE
ru.zencar.mobile.app	18	6	com.google.android.gms.permission.ACTIVITY_RECOGNITION,android.permission.VIBRATE,android.permission.ACCESS_NETWORK_STATE,com.google.android.finsky.permission.BIND_GET_INSTALL_REFERRER_SERVICE,android.permission.WAKE_LOCK,com.google.android.c2dm.permission.RECEIVE,com.google.android.providers.gsf.permission.READ_GSERVICES,android.permission.INTERNET,android.permission.RECEIVE_BOOT_COMPLETED,android.permission.FOREGROUND_SERVICE,android.permission.SYSTEM_ALERT_WINDOW,com.google.android.gms.permission.AD_ID	android.permission.ACCESS_FINE_LOCATION,android.permission.CAMERA,android.permission.ACCESS_COARSE_LOCATION,android.permission.READ_EXTERNAL_STORAGE,android.permission.WRITE_EXTERNAL_STORAGE,android.permission.RECORD_AUDIO
ru.rncard.virtualcard	19	5	android.permission.BLUETOOTH_ADMIN,android.permission.CHANGE_WIFI_STATE,android.permission.VIBRATE,com.google.android.gms.permission.AD_ID,android.permission.ACCESS_NETWORK_STATE,android.permission.ACCESS_WIFI_STATE,com.google.android.finsky.permission.BIND_GET_INSTALL_REFERRER_SERVICE,android.permission.BLUETOOTH,android.permission.RECEIVE_BOOT_COMPLETED,android.permission.USE_BIOMETRIC,android.permission.INTERNET,android.permission.USE_FINGERPRINT,com.google.android.c2dm.permission.RECEIVE,android.permission.WAKE_LOCK	android.permission.READ_PHONE_STATE,android.permission.READ_EXTERNAL_STORAGE,android.permission.ACCESS_FINE_LOCATION,android.permission.CAMERA,android.permission.WRITE_EXTERNAL_STORAGE
ru.avtobandigital.app	17	5	android.permission.USE_BIOMETRIC,android.permission.ACCESS_BACKGROUND_LOCATION,com.google.android.c2dm.permission.RECEIVE,android.permission.WAKE_LOCK,android.permission.VIBRATE,com.google.android.gms.permission.AD_ID,android.permission.INTERNET,com.google.android.finsky.permission.BIND_GET_INSTALL_REFERRER_SERVICE,android.permission.RECEIVE_BOOT_COMPLETED,android.permission.ACCESS_NETWORK_STATE,android.permission.FOREGROUND_SERVICE,android.permission.USE_FINGERPRINT	android.permission.WRITE_EXTERNAL_STORAGE,android.permission.CAMERA,android.permission.ACCESS_FINE_LOCATION,android.permission.READ_EXTERNAL_STORAGE,android.permission.ACCESS_COARSE_LOCATION
com.transportspb.app	8	1	android.permission.QUERY_ALL_PACKAGES,com.google.android.finsky.permission.BIND_GET_INSTALL_REFERRER_SERVICE,com.google.android.gms.permission.AD_ID,android.permission.WAKE_LOCK,com.google.android.c2dm.permission.RECEIVE,android.permission.ACCESS_NETWORK_STATE,android.permission.INTERNET	android.permission.ACCESS_FINE_LOCATION
com.tisonline.tis_user	6	2	android.permission.INTERNET,android.permission.ACCESS_BACKGROUND_LOCATION,android.permission.ACCESS_NETWORK_STATE,android.permission.FOREGROUND_SERVICE	android.permission.ACCESS_COARSE_LOCATION,android.permission.ACCESS_FINE_LOCATION
ru.smarttransport.monitoring_ums	13	3	android.permission.INTERNET,android.permission.RECEIVE_BOOT_COMPLETED,android.permission.WAKE_LOCK,com.google.android.c2dm.permission.RECEIVE,android.permission.ACCESS_WIFI_STATE,android.permission.BLUETOOTH,android.permission.ACCESS_NETWORK_STATE,android.permission.CHANGE_WIFI_STATE,android.permission.BLUETOOTH_ADMIN,com.google.android.finsky.permission.BIND_GET_INSTALL_REFERRER_SERVICE	android.permission.READ_EXTERNAL_STORAGE,android.permission.WRITE_EXTERNAL_STORAGE,android.permission.ACCESS_FINE_LOCATION
lime.taxi.key.id169	11	2	android.permission.WAKE_LOCK,android.permission.FOREGROUND_SERVICE,com.google.android.c2dm.permission.RECEIVE,android.permission.ACCESS_NETWORK_STATE,android.permission.INTERNET,android.permission.VIBRATE,android.permission.GET_TASKS,android.permission.ACCESS_WIFI_STATE,lime.taxi.key.id169.permission.C2D_MESSAGE	android.permission.ACCESS_COARSE_LOCATION,android.permission.ACCESS_FINE_LOCATION
com.wfsys.carfleet	8	3	com.google.android.c2dm.permission.RECEIVE,android.permission.INTERNET,android.permission.WAKE_LOCK,android.permission.ACCESS_WIFI_STATE,android.permission.ACCESS_NETWORK_STATE	android.permission.READ_EXTERNAL_STORAGE,android.permission.WRITE_EXTERNAL_STORAGE,android.permission.CAMERA
ru.gruzovichkof.android	20	6	android.permission.RECEIVE_BOOT_COMPLETED,com.google.android.finsky.permission.BIND_GET_INSTALL_REFERRER_SERVICE,android.permission.INTERNET,android.permission.VIBRATE,com.google.android.c2dm.permission.RECEIVE,android.permission.ACCESS_WIFI_STATE,android.permission.POST_NOTIFICATIONS,android.permission.WAKE_LOCK,android.permission.FOREGROUND_SERVICE,com.google.android.gms.permission.AD_ID,android.permission.ACCESS_NETWORK_STATE,com.google.android.providers.gsf.permission.READ_GSERVICES,android.permission.ACCESS_NETWORK_STAT,ru.gruzovichkof.android.permission.NotificationMessagingReceiver	android.permission.READ_EXTERNAL_STORAGE,android.permission.WRITE_EXTERNAL_STORAGE,android.permission.ACCESS_FINE_LOCATION,android.permission.ACCESS_COARSE_LOCATION,android.permission.CAMERA,android.permission.READ_CONTACTS
ru.taxovichkof.pult	26	7	android.permission.REORDER_TASKS,android.permission.INTERNET,ru.taxovichkof.pult.permission.MAPS_RECEIVE,android.permission.RECEIVE_BOOT_COMPLETED,com.google.android.c2dm.permission.RECEIVE,android.permission.ACCESS_BACKGROUND_LOCATION,android.permission.VIBRATE,android.permission.SYSTEM_ALERT_WINDOW,android.permission.FOREGROUND_SERVICE,android.permission.DISABLE_KEYGUARD,ru.taxovichkof.pult.notifications.PROCESSING_ACTIONS,android.permission.ACCESS_NETWORK_STATE,com.google.android.providers.gsf.permission.READ_GSERVICES,ru.taxovichkof.pult.service.BASE_SERVICE,android.permission.WAKE_LOCK,android.permission.REQUEST_IGNORE_BATTERY_OPTIMIZATIONS,com.google.android.gms.permission.AD_ID,ru.taxovichkof.pult.permission.NotificationMessagingReceiver,com.google.android.finsky.permission.BIND_GET_INSTALL_REFERRER_SERVICE	android.permission.ACCESS_COARSE_LOCATION,android.permission.CAMERA,android.permission.CALL_PHONE,android.permission.READ_EXTERNAL_STORAGE,android.permission.WRITE_EXTERNAL_STORAGE,android.Manifest.permission.READ_PHONE_STATE,android.permission.ACCESS_FINE_LOCATION
